"","CELL1_TREATMENT1","CELL2_TREATMENT1"
"ENSG00000116406",0.852351138600847,0.0354147326634617
"ENSG00000118965",0.451338540243922,0.105784239082638
"ENSG00000116717",0.302995080107104,0.0586652019362044
"ENSG00000143669",0.394260651926174,0.0173184142169309
"ENSG00000196352",0.943668964702734,0.0206358734447077
"ENSG00000160789",0.732534909879596,0.118840567145767
"ENSG00000116641",0.752065653545329,8.29546284553826e-05
"ENSG00000120334",0.550723183104822,0.0183870320582991
"ENSG00000116260",0.476863424092591,0.277711900560146
"ENSG00000204160",0.54496421332218,0.204149326362219
"ENSG00000197056",0.731559681190716,0.00258158679928356
"ENSG00000160741",0.754407829925448,0.0133735299013401
"ENSG00000154370",0.411867775075268,0.023863820814642
"ENSG00000143224",0.743480564875636,0.00116941738163815
"ENSG00000117000",0.542570440487686,0.0726082085576403
"ENSG00000116977",0.892599477433852,0.199880860649421
"ENSG00000173409",0.426635599144299,0.983698498070879
"ENSG00000171680",0.467995814429875,0.843514041219959
"ENSG00000143630",0.640331480167428,0.000377984409357681
"ENSG00000132128",0.470108855705911,0.637175762453287
"ENSG00000162695",0.563903093256322,0.313007615429785
"ENSG00000134262",0.839924363701918,0.272716513778721
"ENSG00000085491",0.632130590522475,0.0225963669233422
"ENSG00000132485",0.599090884870392,3.98088143817076e-09
"ENSG00000173207",0.979678136965551,0.00142086930236383
"ENSG00000143575",0.777808175060577,0.0016764907094037
"ENSG00000134698",0.902691421746096,0.041128915119589
"ENSG00000160785",0.453368157307769,0.850435568694001
"ENSG00000117151",0.209191242274026,0.0124367724352545
"ENSG00000169598",0.81976727228691,0.482874062458006
"ENSG00000136628",0.356897900952417,0.598509451975051
"ENSG00000162407",0.497165210965058,0.897036086860894
"ENSG00000171735",0.802743923395446,0.551601461370852
"ENSG00000126067",0.987096963469205,0.0356919501852612
"ENSG00000143256",0.700352430364949,0.0101395128563434
"ENSG00000134243",0.852721745454087,0.00611252208540343
"ENSG00000197530",0.656525719889121,0.592920874810072
"ENSG00000242485",0.97084055062753,0.00151353695273468
"ENSG00000119772",0.921982424931876,0.0167039837401013
"ENSG00000065183",0.764547850956823,0.370920356020875
"ENSG00000143155",0.973684240001407,0.219766283511004
"ENSG00000126698",0.159637674077276,0.00268578280449301
"ENSG00000123684",0.881415483781094,0.130795446821566
"ENSG00000143079",0.985009839770766,0.811328989458566
"ENSG00000143033",0.913488808108449,0.0010032024923453
"ENSG00000162384",0.896141565107654,0.35600413889437
"ENSG00000116205",0.670569731174928,0.185656099086623
"ENSG00000117143",0.554532979668708,0.270196135011911
"ENSG00000162433",0.606530451284885,0.169349118397841
"ENSG00000171621",0.847840239441315,0.194000612092054
"ENSG00000163349",0.967690360954935,0.110192802137513
"ENSG00000123080",0.883840518702924,0.0031601789885549
"ENSG00000007968",0.424256170017835,0.148300032045983
"ENSG00000162704",0.720616469447765,0.833198081092282
"ENSG00000162600",0.897040308252411,0.0379033085954867
"ENSG00000160783",0.380060697220625,0.0299467021056087
"ENSG00000084676",0.460518118495876,0.041343131168818
"ENSG00000117500",0.529962454553853,0.929908121956954
"ENSG00000116688",0.953828334613146,0.367854148221363
"ENSG00000136631",0.625492001886226,0.0786064960066328
"ENSG00000090621",0.980501955591074,0.329132740238698
"ENSG00000203667",0.777223331497868,0.0135051168919163
"ENSG00000075391",0.88444143258945,0.511180563370404
"ENSG00000134324",0.969986510907575,0.0165237661038807
"ENSG00000162521",0.833005919172997,0.0230890307182649
"ENSG00000007923",0.814210067232091,0.338242243680559
"ENSG00000178585",0.632619040371323,0.242134797647619
"ENSG00000117308",0.773058261253842,0.103700868256711
"ENSG00000084073",0.695730479000336,0.0463635231666247
"ENSG00000143294",0.647957098907771,0.191748479568643
"ENSG00000116984",0.633435014668126,0.427891580086337
"ENSG00000116691",0.911905898203523,0.383709329514312
"ENSG00000121481",0.21646060148689,0.00551539181879367
"ENSG00000175130",0.811923704712641,0.00146873173789956
"ENSG00000088035",0.920750545843824,0.122427237122522
"ENSG00000198492",0.883872724810154,0.0146839814078641
"ENSG00000159346",0.79152886852158,0.115726635097059
"ENSG00000117751",0.23559837226626,0.0040067389324312
"ENSG00000163444",0.824878061281982,0.750041114470556
"ENSG00000117543",0.985449078049134,0.124719997612346
"ENSG00000143793",0.780373270582113,0.0990307871493132
"ENSG00000183726",0.942202118793,0.573053148456364
"ENSG00000092978",0.722487017171775,0.720060461780799
"ENSG00000143753",0.373343716654285,0.18951866744258
"ENSG00000116750",0.827177897115426,0.0094254335643786
"ENSG00000132763",0.346492784801251,0.608701948398407
"ENSG00000135775",0.974636571048364,0.0011293521472903
"ENSG00000054118",0.757640171639309,0.079458724183904
"ENSG00000186063",0.778764158769042,0.628206490107702
"ENSG00000143643",0.987507202040007,0.320171367216398
"ENSG00000143409",0.432888523630836,0.902530912670873
"ENSG00000081019",0.675895719281516,0.0618527818350249
"ENSG00000116586",0.760006845388222,0.0554390652687389
"ENSG00000121775",0.804961945393561,0.244072981383158
"ENSG00000118217",0.806456369889928,0.00032966393747738
"ENSG00000118200",0.939313240389827,0.00399001366281413
"ENSG00000130772",0.551902062887117,0.714980884723766
"ENSG00000158292",0.754866295695509,0.296498742334281
"ENSG00000155363",0.916597723846115,0.0172919899945803
"ENSG00000184924",0.982639113835793,0.00226717313977718
"ENSG00000272106",0.607120176362961,0.653800017558969
"ENSG00000131779",0.698289142823172,0.0489457501060933
"ENSG00000117758",0.756852052111045,0.0338196525205393
"ENSG00000116863",0.648966191649619,0.0395221781163915
"ENSG00000162885",0.720039422649535,0.364270613327827
"ENSG00000024526",0.700555487286679,0.0207709069162761
"ENSG00000261716",0.826638356328831,0.0587411043335727
"ENSG00000163344",0.86722622907433,0.785261883980067
"ENSG00000066135",0.176251865823242,0.187282163347775
"ENSG00000074800",0.396781285113093,0.412050339048715
"ENSG00000079335",0.577012888203304,0.043536926167232
"ENSG00000143376",0.820665796214778,0.0096608808668218
"ENSG00000116991",0.72534885841415,0.00169009535151612
"ENSG00000116199",0.242948547839979,0.0517075390163159
"ENSG00000173436",0.835652157743333,0.442815140664854
"ENSG00000135845",0.752765160934672,0.13132432109308
"ENSG00000117632",0.67191731963034,0.0735362580970126
"ENSG00000143393",0.970796644744827,0.908355554514547
"ENSG00000198815",0.587058383313373,0.0162997698090914
"ENSG00000132879",0.676230299351811,0.608709586195578
"ENSG00000176444",0.564223421366637,0.00390466046913216
"ENSG00000160714",0.790960970339647,0.620461274756927
"ENSG00000121848",0.49081400346766,0.0301097376662327
"ENSG00000090273",0.91533164017302,4.46753268906713e-05
"ENSG00000142655",0.72604738219972,0.331787475142934
"ENSG00000159176",0.747719572587887,0.351210415844527
"ENSG00000152061",0.830194570423611,0.221364912517952
"ENSG00000130770",0.497924804944516,0.160989852532029
"ENSG00000054282",0.688712049969898,0.59492434134509
"ENSG00000158161",0.988631540201236,0.201162706401714
"ENSG00000143368",0.719806773150301,0.901854642985591
"ENSG00000142794",0.878807117780628,0.59941992872207
"ENSG00000143819",0.977989832188221,0.0124793899482011
"ENSG00000047410",0.870118004800845,0.224871518772727
"ENSG00000183291",0.776641273589967,2.10992823972357e-09
"ENSG00000171163",0.760920164372078,0.00828613961816985
"ENSG00000122435",0.845761130854981,0.186246627887628
"ENSG00000131795",0.486564103001286,0.400842888298514
"ENSG00000122484",0.91902962944046,0.00986253565588231
"ENSG00000162601",0.97142779206855,0.416213976722632
"ENSG00000116954",0.787634985766501,0.16601265234681
"ENSG00000215788",0.788531415776316,0.240006501228795
"ENSG00000143507",0.766559072023795,0.00604558956580646
"ENSG00000137941",0.971017051796943,0.891854906200477
"ENSG00000121940",0.667207295343871,0.956579945541398
"ENSG00000126705",0.771840517357286,0.0997912560079497
"ENSG00000122417",0.530890787588368,0.882694201788572
"ENSG00000138031",0.881217081369499,0.156537274165237
"ENSG00000142684",0.4137897952085,0.270436596446471
"ENSG00000204138",0.989850848109426,0.00844147778596362
"ENSG00000164010",0.653915708303668,0.0565502853560017
"ENSG00000197982",0.00051213521966047,0.705968320154717
"ENSG00000162775",0.61896222057583,0.0175617431044621
"ENSG00000143545",0.79474361148172,0.166359925190303
"ENSG00000198715",0.817331722948964,0.616874913617193
"ENSG00000117394",0.835137243244706,0.0111758310325969
"ENSG00000237973",0.790611302499594,0.872112726554573
"ENSG00000123091",0.859868013128811,0.000155041350509493
"ENSG00000158773",0.733984274318553,0.00596342238075948
"ENSG00000163545",0.780372845953687,0.000564098185086287
"ENSG00000155380",0.567785575228728,0.181390440903263
"ENSG00000273131",0.62097274823458,0.551845136075078
"ENSG00000270172",0.782979903541885,0.0187703189052647
"ENSG00000162714",0.819680427722125,0.131359230188131
"ENSG00000031698",0.726193298675356,0.301655212503145
"ENSG00000134644",0.506722987949655,0.519506735609342
"ENSG00000143801",0.868200249437609,0.0403278020762053
"ENSG00000116731",0.840915459929781,0.00466810558506014
"ENSG00000143850",0.642213950572465,0.112753149654777
"ENSG00000162458",0.9551453064655,0.160404604099853
"ENSG00000060642",0.392441622424996,0.420440185215361
"ENSG00000116704",0.0681344438792802,0.303963938003917
"ENSG00000117479",0.610744813914517,0.727995398046672
"ENSG00000117682",0.65297074348156,0.00291697861204215
"ENSG00000011007",0.550881106560505,0.00174366123752117
"ENSG00000077157",0.287186319455262,0.81411635418078
"ENSG00000023572",0.563407957785328,0.0120437302157306
"ENSG00000143797",0.127896056571044,0.0981644524742728
"ENSG00000143149",0.932556899971284,0.000375193500027705
"ENSG00000162819",0.182621354321959,0.0578635397228944
"ENSG00000065526",0.972367468661188,0.0139798423455285
"ENSG00000127481",0.738727624760868,0.0539400649133491
"ENSG00000135847",0.972658290966084,0.794757325068414
"ENSG00000121486",0.260668149738836,0.931458012853914
"ENSG00000116455",0.730483120741265,0.199934070252724
"ENSG00000223380",0.615144729036334,0.0191875068358447
"ENSG00000217801",0.696757202650274,0.0816187053598308
"ENSG00000116906",0.610206765044257,0.296838833417372
"ENSG00000143321",0.598945683249604,0.462461913423076
"ENSG00000154380",0.740503485896298,0.00488673099412676
"ENSG00000143740",0.633321075864525,0.559720209627001
"ENSG00000186501",0.806623875663083,0.08878987297561
"ENSG00000117335",0.885049954528032,0.0038588589906063
"ENSG00000198793",0.246552401218075,3.96066418939242e-06
"ENSG00000116898",0.755177351619412,0.00675056340480674
"ENSG00000151353",0.580129274427439,0.952848654546338
"ENSG00000224051",0.847034191157586,0.125167483597252
"ENSG00000132781",0.366772636991816,0.281278030140671
"ENSG00000116747",0.425738989468705,0.626291497342556
"ENSG00000079277",0.564800874648814,0.0410884429734239
"ENSG00000134313",0.677129166454238,0.207699717248924
"ENSG00000159363",0.272138924321427,7.10506539980381e-06
"ENSG00000117748",0.64939125765602,0.616691236012498
"ENSG00000121957",0.690302619716995,0.043072903436004
"ENSG00000125944",0.32710724214288,0.515236186230086
"ENSG00000163486",0.826780390779622,0.00604989264676248
"ENSG00000131778",0.529037246102518,0.543826470159329
"ENSG00000116815",0.229614564948351,0.0237069792340329
"ENSG00000116918",0.692812391484144,0.00525590440034479
"ENSG00000116903",0.762160553502415,0.0731143329540364
"ENSG00000157933",0.691639334881191,0.0700109276697764
"ENSG00000117133",0.497424495961296,0.117059782736183
"ENSG00000142784",0.774518303526978,0.743495311266424
"ENSG00000162976",0.718106439419853,0.234316394885154
"ENSG00000117419",0.895875486204558,0.89881372466382
"ENSG00000134697",0.335861731092872,0.37096768169533
"ENSG00000069424",0.726807859419387,0.9184188259096
"ENSG00000143207",0.814381809329648,0.525803965337263
"ENSG00000198744",0.985483276207281,0.00106038840957228
"ENSG00000025800",0.983832749737,0.00318302202636948
"ENSG00000221978",0.961724550852773,0.0141024681756054
"ENSG00000163386",0.682200083100076,0.122042351731698
"ENSG00000173660",0.96016447356788,0.0322166602108053
"ENSG00000066322",0.942498864562703,0.608655551985913
"ENSG00000163029",0.951878800485679,0.0514307921889656
"ENSG00000117523",0.399074151406839,0.923111423050762
"ENSG00000143162",0.0976128353210571,0.978049418839534
"ENSG00000180198",0.645567773806838,0.362268673795619
"ENSG00000078618",0.820372980662055,0.698073399050943
"ENSG00000097021",0.955258002140369,0.0159356399360145
"ENSG00000152904",0.510163296316248,0.561054232455629
"ENSG00000160072",0.608603316828717,0.0360760248117748
"ENSG00000137947",0.329987168822352,0.00441654250161694
"ENSG00000182551",0.533494983760408,0.675244766716574
"ENSG00000076356",0.555188334984664,0.0862071970230079
"ENSG00000160051",0.815685350905604,0.0399276135777657
"ENSG00000115129",0.848743750306415,1.88428234313829e-06
"ENSG00000213047",0.749188349212702,0.00238130716346331
"ENSG00000163399",0.654921850613898,0.0742829489055969
"ENSG00000116478",0.739939222576243,3.2678265306345e-06
"ENSG00000175279",0.642523161230362,0.208867657114237
"ENSG00000169504",0.431702389766985,0.000669270434345265
"ENSG00000197568",0.149384702900001,0.0128142424322052
"ENSG00000135778",0.98888024651232,0.00928274457483991
"ENSG00000182004",0.825899350304906,0.331414569061655
"ENSG00000053372",0.898861301773477,0.999626085285669
"ENSG00000162419",0.319830537671367,0.610876634814791
"ENSG00000143845",0.95453183864198,0.462778527974939
"ENSG00000182827",0.417748395696766,0.447792182017579
"ENSG00000116489",0.934841121752818,0.986390623531665
"ENSG00000011021",0.721084328368142,0.639239207329504
"ENSG00000189339",0.345187666810985,0.0432900367554334
"ENSG00000075945",0.570704309398408,0.105590445536086
"ENSG00000163472",0.886377003494837,0.0697973951385945
"ENSG00000136636",0.783163015912912,0.32134767728447
"ENSG00000168159",0.738987103337257,0.0309780918104049
"ENSG00000160767",0.566709193814295,0.316559366107195
"ENSG00000067334",0.991423014450181,0.00888341280732686
"ENSG00000178028",0.622935531620082,0.0907071905028817
"ENSG00000116957",0.494151342040273,0.0207847173857527
"ENSG00000117036",0.711953026438771,0.964570729197758
"ENSG00000197312",0.367470005999153,0.0218854104285874
"ENSG00000116679",0.704420054538315,0.00805447112072765
"ENSG00000143751",0.536957539620368,0.116482208878392
"ENSG00000116649",0.854907578159923,0.0224946113038756
"ENSG00000123836",0.980457660388631,0.401186239638051
"ENSG00000116525",0.975616533395659,0.437677352056012
"ENSG00000143198",0.452012380444696,0.410379291984144
"ENSG00000117360",0.521490326664313,0.805666809372988
"ENSG00000185104",0.951564245138809,0.101882015507562
"ENSG00000117461",0.423220967006264,0.365276931003972
"ENSG00000162413",0.694272273920825,0.806639733470621
"ENSG00000117118",0.0381397912916367,0.0917194214499825
"ENSG00000198912",0.866661972819641,7.03603294746647e-09
"ENSG00000117519",0.931424160289392,0.0108644284558823
"ENSG00000052723",0.473087814188304,0.358979476816819
"ENSG00000180758",0.891635529968,0.343536918175511
"ENSG00000081721",0.928857894274247,0.0024555847103559
"ENSG00000135776",0.214157725175048,0.045016841173561
"ENSG00000198198",0.376618013381074,0.00565073181939777
"ENSG00000126088",0.98660324973666,0.20356276264618
"ENSG00000240857",0.76498379298788,0.00270409904186516
"ENSG00000118193",0.934115037829506,3.67589432785039e-06
"ENSG00000116874",0.922497252625005,0.0155629802792675
"ENSG00000122406",0.794286808952754,0.159997972448985
"ENSG00000116793",0.668751022093203,0.0888501626764233
"ENSG00000117448",0.93363261431723,0.0697413342030218
"ENSG00000121753",0.936221413335039,0.321557921227585
"ENSG00000170385",0.646972178776322,0.662375027106939
"ENSG00000122482",0.493309287894835,0.116122169634597
"ENSG00000116698",0.964830827957879,0.118438578717367
"ENSG00000117114",0.940796055847815,0.0864363069722014
"ENSG00000116667",0.993965608073909,0.148890349765623
"ENSG00000156869",0.828292542998932,0.259801553149163
"ENSG00000163874",0.659624619014509,0.023655055811414
"ENSG00000159592",0.95975400048267,0.382379619175679
"ENSG00000077254",0.594665473476691,0.570549656080029
"ENSG00000117592",0.409407388785956,0.933053962290634
"ENSG00000162702",0.780648331401363,0.0446214869565344
"ENSG00000156171",0.800336131773488,0.319083037836946
"ENSG00000142961",0.65447452263129,0.00711270609783666
"ENSG00000183853",0.331207087644468,0.0441836859200088
"ENSG00000142687",0.703384060726839,0.0136993279600203
"ENSG00000143815",0.731167303243508,0.0120860729674932
"ENSG00000130940",0.760640717368536,0.0177993791235674
"ENSG00000160075",0.252419544635922,0.934455111965846
"ENSG00000160766",0.91532059147026,0.506806960646266
"ENSG00000177628",0.779029115013591,0.814902122913128
"ENSG00000120948",0.615437416102375,0.0574040074981488
"ENSG00000160803",0.0371363195732204,0.0491641394212924
"ENSG00000162385",0.885291171157731,0.0244416903516195
"ENSG00000189337",0.733441088870281,0.0383603908443971
"ENSG00000154305",0.801892778865817,0.127153425401543
"ENSG00000134744",0.968938161492287,0.0276208146493926
"ENSG00000196517",0.837784218582468,0.00894281859713214
"ENSG00000214114",0.707444179058807,0.181055667087621
"ENSG00000143156",0.585740112515842,0.000163035228304265
"ENSG00000084652",0.852956571244054,0.00448786824545653
"ENSG00000116761",0.874242100581817,0.598409964441206
"ENSG00000117475",0.939066409159821,0.000760530808929791
"ENSG00000154429",0.618214932247516,0.000405932394578051
"ENSG00000160710",0.637590509342835,1.61409367523818e-05
"ENSG00000157978",0.673078135327316,0.000684831254064985
"ENSG00000132694",0.974032324447519,0.823152255628629
"ENSG00000117597",0.798524752774874,0.0550020977031596
"ENSG00000010165",0.544485062062264,0.922538485323183
"ENSG00000142686",0.0173655137160255,0.142506109832857
"ENSG00000117528",0.814563824123936,0.0737488332423866
"ENSG00000116752",0.791581552351333,0.0366587122732281
"ENSG00000228794",0.595982122700677,0.109013363307999
"ENSG00000127054",0.894132077867889,0.0101589501466926
"ENSG00000163159",0.487809945433471,0.580157334845824
"ENSG00000183520",0.416834462731482,0.857171617605002
"ENSG00000116266",0.78506300834322,0.0938409250838298
"ENSG00000158062",0.959462723429453,0.448899219382945
"ENSG00000127603",0.664044729149903,0.000957272127250783
"ENSG00000119185",0.199449978674459,0.423539616411167
"ENSG00000097096",0.144807671181425,0.141895058280921
"ENSG00000117222",0.952254982631549,0.0922369303848608
"ENSG00000058453",0.965138147945218,0.288906708769954
"ENSG00000125703",0.629716717617649,0.552148784510657
"ENSG00000097046",0.398339484728693,0.0221321939331351
"ENSG00000174842",0.558752026803567,0.0853807391151982
"ENSG00000160679",0.901661759452117,0.688853039259009
"ENSG00000117625",0.0491033226548864,0.0338848454849141
"ENSG00000134690",0.349729876571311,0.0208289299800037
"ENSG00000054116",0.855677769024448,0.0108735699003358
"ENSG00000181450",0.904275802626707,0.9681515738121
"ENSG00000157881",0.951250315558137,0.0377059840908049
"ENSG00000143324",0.802132473135613,0.000953366422368268
"ENSG00000117362",0.633657403817283,0.0810587010620791
"ENSG00000091483",0.659144005125308,0.0529836277152409
"ENSG00000176261",0.0251745244865053,0.398451691548811
"ENSG00000117620",0.399437979449147,0.882348824632439
"ENSG00000117650",0.244996757494291,0.87457026732281
"ENSG00000117859",0.146454799146087,0.0953176646557568
"ENSG00000164008",0.405053603233246,0.269349816481057
"ENSG00000171863",0.929525563620899,0.00936189264147527
"ENSG00000120656",0.70309440754524,0.00119168041978664
"ENSG00000117481",0.611232449231081,0.846209896809832
"ENSG00000081026",0.965859884260735,0.00160063054091511
"ENSG00000188157",0.944959853162834,0.0456381644137905
"ENSG00000261326",0.917822368895415,0.117539830897029
"ENSG00000004487",0.943938292413995,0.00183650393230821
"ENSG00000066557",0.543811646731934,0.0815201439077675
"ENSG00000134371",0.00306078935750215,0.135010638560214
"ENSG00000175087",0.536948329655966,0.177867970459426
"ENSG00000008130",0.853695635688809,0.676284728727331
"ENSG00000009780",0.726709383867359,0.386811119827505
"ENSG00000134717",0.64080399237156,0.0611011901151781
"ENSG00000079739",0.40436563155641,0.41908693770549
"ENSG00000130764",0.705588989563809,0.14650367641562
"ENSG00000143570",0.529894942071279,0.985743537710304
"ENSG00000088280",0.639323309257634,0.486562783175336
"ENSG00000131591",0.451114538364366,0.285002404948074
"ENSG00000185499",0.781325317641556,0.0643047809506512
"ENSG00000168118",0.801088094154299,0.0841938258156628
"ENSG00000158796",0.480644283472847,0.0217897938938429
"ENSG00000126091",0.309490672561411,0.135749822858121
"ENSG00000180488",0.438226676345379,0.217364388990316
"ENSG00000157077",0.610753985002505,0.84331562894408
"ENSG00000143537",0.903400877971279,0.766504957024803
"ENSG00000143799",0.560307972557489,0.212126709231391
"ENSG00000116251",0.653286502136681,0.457825240478302
"ENSG00000048707",0.493187664866362,0.045309936894527
"ENSG00000120370",0.841065537237419,0.166088315131399
"ENSG00000116237",0.904467695738959,0.0427859885083701
"ENSG00000143353",0.767134155036074,0.023807581101448
"ENSG00000117724",0.602215138901984,2.32693309690583e-05
"ENSG00000171603",0.380380483388832,0.203227984731147
"ENSG00000143153",0.867786307996474,0.2979355759983
"ENSG00000163867",0.828865466535117,0.00135977958833511
"ENSG00000115750",0.870939041975615,6.68590513789475e-06
"ENSG00000143390",0.89737827906972,0.0263714151701366
"ENSG00000066027",0.903285778281181,7.27109953780515e-11
"ENSG00000115758",0.0529055893100897,0.183504504588877
"ENSG00000137962",0.778099150883387,0.306578329993518
"ENSG00000188786",0.863153682167271,0.18837984915942
"ENSG00000142892",0.759448266151583,0.213778054312088
"ENSG00000213190",0.219585966266308,0.0254413050092797
"ENSG00000162520",0.61726939603969,0.155099042657767
"ENSG00000094975",0.41823667738706,0.846052270033917
"ENSG00000162650",0.377917479352461,0.0292494717739002
"ENSG00000135842",0.804019356092231,0.375029569614686
"ENSG00000119285",0.725164795828491,0.00969830870328279
"ENSG00000235477",0.513913648824202,0.0131401662262505
"ENSG00000090686",0.929375902305949,0.0831072686260572
"ENSG00000137996",0.915166009617076,0.797949957028537
"ENSG00000162613",0.977218609769313,0.649270440172009
"ENSG00000085832",0.786198822102593,0.115423941450997
"ENSG00000023909",0.915655152137989,0.000246687307043283
"ENSG00000118655",0.970665964451845,0.251276422531775
"ENSG00000143553",0.0814932824328876,0.134553949282397
"ENSG00000151694",0.620488444696226,0.0558801710511782
"ENSG00000160691",0.522538533212896,0.67363285488981
"ENSG00000143314",0.372017148140282,0.278583942847321
"ENSG00000198700",0.777986862229157,0.00177036023642199
"ENSG00000174606",0.820589736315306,0.963415909533664
"ENSG00000146463",0.591585977782168,0.17969702148756
"ENSG00000143190",0.602489162979798,0.114109784954229
"ENSG00000142599",0.910877532832248,0.039360706115657
"ENSG00000134318",0.989437276139491,0.0296912644137835
"ENSG00000085433",0.723618571504719,0.17121955601012
"ENSG00000186283",0.74706246432252,0.0295094569732548
"ENSG00000116685",0.683184057322022,0.49587203665155
"ENSG00000117385",0.833257136634248,0.347949474888817
"ENSG00000179456",0.527134777022315,0.0411288726611607
"ENSG00000160062",0.423484409582237,0.269239137970449
"ENSG00000169641",0.687442429057151,0.0916713287694333
"ENSG00000143179",0.662802727782523,0.00757187632649081
"ENSG00000075151",0.926380069089115,0.217102424986893
"ENSG00000178295",0.601907001848912,0.70797841064528
"ENSG00000143466",0.748647233607082,0.00918538752082349
"ENSG00000162512",0.41426676943565,0.947364753486093
"ENSG00000185278",0.792531858218299,0.00466750326251804
"ENSG00000142676",0.301691280022763,0.830487650174155
"ENSG00000143319",0.322838773409629,0.756104200828977
"ENSG00000197780",0.436448046135824,2.86574693851955e-06
"ENSG00000162604",0.265917733371792,0.395997517829587
"ENSG00000143061",0.773991726747143,0.0367457468023767
"ENSG00000179085",0.850492874510043,0.721347524575662
"ENSG00000198892",0.766412687257308,0.159596616395871
"ENSG00000225241",0.687974653658378,0.145235962105385
"ENSG00000183386",0.769012909906664,0.143652168085889
"ENSG00000242125",0.627899929386058,0.0424681035365796
"ENSG00000213064",0.736639845665821,0.185566547940932
"ENSG00000119203",0.453772285212231,0.351816805704685
"ENSG00000137970",0.672106506587172,0.0165407802055327
"ENSG00000132849",0.871769091833374,0.291789998236314
"ENSG00000143067",0.886108329218482,0.207040727890078
"ENSG00000122483",0.713569776695048,0.0314323944798285
"ENSG00000160058",0.914811145738999,0.000302984696430722
"ENSG00000197785",0.457971949335234,0.105555211758449
"ENSG00000078369",0.980161324803593,0.528268561372281
"ENSG00000138092",0.0303837061996672,0.198275017858172
"ENSG00000131697",0.174903502322437,0.737296056323365
"ENSG00000064703",0.597620440955344,0.596407901665113
"ENSG00000126107",0.620923600464211,0.0314057555723467
"ENSG00000142867",0.767901202653805,0.0980793396543684
"ENSG00000157911",0.72527811598152,0.599593900711923
"ENSG00000117289",0.597559356017503,0.262702823590473
"ENSG00000065243",0.529647659354839,0.055477795483978
"ENSG00000117408",0.0953369164221723,0.779730378736328
"ENSG00000143398",0.704711855789454,0.0771750561315048
"ENSG00000132676",0.806334801759411,0.935801521580161
"ENSG00000158710",0.691014376443566,0.116929343383049
"ENSG00000173171",0.551548155484581,0.343542367496001
"ENSG00000254685",0.449237842765822,0.000142555534680012
"ENSG00000116337",0.829435976170469,3.61996782491799e-08
"ENSG00000181817",0.555724787826037,0.000168926949350736
"ENSG00000197989",0.996011184871428,0.108709950725256
"ENSG00000143970",0.398176473554649,0.0447079557455045
"ENSG00000171492",0.63519865702788,0.178462911277208
"ENSG00000009307",0.288803877841942,0.254783143661193
"ENSG00000198860",0.830655922164594,0.953107844953214
"ENSG00000203668",0.457138628559673,0.3785986866504
"ENSG00000160688",0.757586477794913,9.24616778232697e-06
"ENSG00000158711",0.660827842965855,0.0140917054362503
"ENSG00000135862",0.744788369840928,0.766008702237897
"ENSG00000134186",0.208403037236066,0.509823118623004
"ENSG00000159588",0.792877535586452,0.636552242122351
"ENSG00000004455",0.368760186289011,0.0661454645443782
"ENSG00000090020",0.867003369073115,0.00984195592733524
"ENSG00000143878",0.948362245423409,0.697213382243066
"ENSG00000081692",0.527680310748761,0.0594181977363172
"ENSG00000185630",0.332800870807902,0.808748488761283
"ENSG00000143158",0.672685708950884,0.000760153662932983
"ENSG00000188976",0.785954495691335,0.0253359674605212
"ENSG00000133059",0.719552694052623,0.0654319034129056
"ENSG00000121900",0.563448716710203,0.0643372817706029
"ENSG00000162734",0.416773099135421,0.0847755675367094
"ENSG00000134686",0.698274661063631,0.085226966908676
"ENSG00000143622",0.654560457569646,2.75937423536085e-06
"ENSG00000171608",0.00781773700774956,0.770958846384413
"ENSG00000117016",0.893606001607975,0.000218596411424332
"ENSG00000160087",0.653460013244409,0.608291405169253
"ENSG00000168710",0.685691326246695,1.27377417883133e-05
"ENSG00000158882",0.774500850367433,1.2906184997221e-05
"ENSG00000163050",0.85753393301272,0.629075302536529
"ENSG00000142798",0.957045255816753,4.98727532196347e-10
"ENSG00000143418",0.0165595218962021,0.727646277091649
"ENSG00000010072",0.876311127143078,9.77948067927503e-12
"ENSG00000036549",0.94338299333345,0.000494964221475079
"ENSG00000055070",0.874875624327656,0.0010039629232306
"ENSG00000125945",0.925862818628949,1.24511847827841e-05
"ENSG00000160752",0.987927091932923,0.000300735561488256
"ENSG00000143458",0.562415019668021,0.00251199809111937
"ENSG00000169241",0.961697697671673,2.06632530695903e-06
"ENSG00000143367",0.771525648626614,4.38931565153522e-06
"ENSG00000181873",0.794578513532559,0.00526922192496136
"ENSG00000142949",0.527724562660642,0.00040893773187466
"ENSG00000163877",0.765564201633972,0.460259115319122
"ENSG00000159214",0.748403565578104,0.0638401938240875
"ENSG00000168653",0.993698053780782,0.0108222855692877
"ENSG00000185420",0.499482996477661,0.001456236387326
"ENSG00000115738",0.820737129851296,0.000711901526139596
"ENSG00000160094",0.644285395372616,0.318763371291509
"ENSG00000203965",0.797726030352772,0.24258558129912
"ENSG00000233461",0.740523010920591,0.0189960202926159
"ENSG00000011009",0.904233676049055,0.0120245612117314
"ENSG00000162517",0.973635657430172,6.90823712279063e-05
"ENSG00000178922",0.768432859262791,0.26203767462571
"ENSG00000143702",0.961840721371205,3.03828407550214e-05
"ENSG00000143514",0.8273409768063,0.0395226180724875
"ENSG00000196505",0.828155057727162,0.00930228156019275
"ENSG00000122218",0.876973198927255,0.756593214804459
"ENSG00000143384",0.958321094983062,0.00188343479564996
"ENSG00000157216",0.813512191268704,0.056087176840675
"ENSG00000184677",0.872762707210134,0.548183912535503
"ENSG00000132680",0.857634631280046,0.0320113217126178
"ENSG00000230124",0.822513500270357,0.494617153934063
"ENSG00000142632",0.230602624488396,0.181588744660445
"ENSG00000037637",0.883885206261154,5.95682598950735e-05
"ENSG00000162616",0.928962144692122,5.74518492202397e-06
"ENSG00000180098",0.986739016316257,0.000217690897303619
"ENSG00000117395",0.939115796227401,0.458657833441128
"ENSG00000179051",0.935697029961356,1.63566804059233e-08
"ENSG00000244038",0.863502277434795,3.31867473679539e-05
"ENSG00000116871",0.472082497083145,0.103349960503874
"ENSG00000157184",0.984418483604634,0.000133558752667361
"ENSG00000121774",0.728730735007788,3.06927541009855e-05
"ENSG00000174574",0.725187715091607,1.74545966093119e-10
"ENSG00000116191",0.0487513449993609,0.0402452129807554
"ENSG00000053371",0.943989828514892,0.000708211515691687
"ENSG00000116786",0.85870375843673,1.74906634433046e-06
"ENSG00000204178",0.966757327157479,2.54378931752578e-06
"ENSG00000163374",0.801695103084038,0.0201450010691359
"ENSG00000134253",0.495702757462375,7.07415226046639e-05
"ENSG00000117697",0.737718290628611,0.156083990796283
"ENSG00000162852",0.747145942734709,0.356600230983772
"ENSG00000198399",0.56105952792387,0.0288187615502964
"ENSG00000142871",0.149427558564328,0.960365444351284
"ENSG00000000460",0.406100985675177,0.902029569719474
"ENSG00000117410",0.806898736105949,0.863728361940526
"ENSG00000197622",0.98927963294014,0.0177290523200591
"ENSG00000131236",0.809441508508544,0.000109113522604878
"ENSG00000142669",0.46786924612705,0.00011341176473595
"ENSG00000187634",0.908069180919065,0.00223283037972487
"ENSG00000162736",0.951978578501797,0.935849959444742
"ENSG00000158850",0.907643112616716,0.43091276035966
"ENSG00000118960",0.628616654525672,0.656588201830576
"ENSG00000158715",0.577850004215469,0.165805649621162
"ENSG00000121310",0.698004465185484,0.578828761745106
"ENSG00000137942",0.25684710877026,0.467589179220497
"ENSG00000117676",0.740144534900216,0.655178933240302
"ENSG00000116584",0.10221992276971,0.570156014017852
"ENSG00000143437",0.693834401000968,0.19498790517217
"ENSG00000119280",0.525248050977779,0.0990331186456486
"ENSG00000151693",0.781295950550319,0.827708135882547
"ENSG00000066279",0.73647473260371,0.00452909855618051
"ENSG00000084623",0.589112553405286,0.240395631125963
"ENSG00000117242",0.799741747292816,0.844942560120716
"ENSG00000121644",0.957929564420761,0.0731348361868113
"ENSG00000158864",0.533108925658634,0.0619612178469434
"ENSG00000198799",0.810544958385898,0.0390508753197244
"ENSG00000085999",0.973990229929749,0.36362756144808
"ENSG00000242193",0.845830078321614,0.605130938943948
"ENSG00000158286",0.296513409314467,0.113138178061331
"ENSG00000069275",0.828374305536399,0.0836223047616039
"ENSG00000126709",0.459143111485383,0.0112962363560836
"ENSG00000218283",0.635853547813369,0.227986615246249
"ENSG00000085840",0.831771136157483,0.404035438665748
"ENSG00000135763",0.844527845080795,0.012704332060886
"ENSG00000143862",0.733237735898436,0.189466231645487
"ENSG00000174021",0.607335237166757,0.496230946351175
"ENSG00000152332",0.738092282452968,0.0736021003310516
"ENSG00000117569",0.69647332454153,0.00936189340910449
"ENSG00000065135",0.734951136514304,0.580046883631578
"ENSG00000143373",0.895910241131563,0.285510894692847
"ENSG00000174307",0.817477654845278,0.00988406446341186
"ENSG00000180667",0.343057710913939,0.000100502193518384
"ENSG00000177888",0.928468439518046,0.0339480694564161
"ENSG00000143748",0.826063726411139,0.0442107911089485
"ENSG00000135870",0.840745571577639,0.324169172784131
"ENSG00000143401",0.83478079890508,0.254248705872774
"ENSG00000187147",0.95094615317467,0.237095590725618
"ENSG00000132196",0.436206615485544,0.164765036610176
"ENSG00000169991",0.840503391116823,0.513868365890607
"ENSG00000116288",0.655229846804324,0.637521894507458
"ENSG00000143761",0.94112408552246,0.118146505143001
"ENSG00000196187",0.802720981802406,0.530705225083392
"ENSG00000162910",0.341424165292661,0.227090968981835
"ENSG00000162851",0.837900062783512,0.0611794238744305
"ENSG00000116133",0.851963258872196,0.698246301158639
"ENSG00000168765",0.681809876417287,0.835151309434034
"ENSG00000162496",0.844664299433109,0.230578553218155
"ENSG00000070831",0.976015725792563,0.217004394919694
"ENSG00000057757",0.992443422633087,0.00486109610847247
"ENSG00000154222",0.871350159263247,0.913585379000251
"ENSG00000132881",0.597959932244472,0.037769919915781
"ENSG00000183856",0.767526839883868,0.853459709832189
"ENSG00000143641",0.829208338153695,0.728304669319185
"ENSG00000254726",0.714789005762016,0.0512936131955153
"ENSG00000157193",0.267433323933811,0.0316108063504186
"ENSG00000057252",0.73073690904869,0.413093724702415
"ENSG00000117139",0.606651013902116,0.019749490408884
"ENSG00000162377",0.906991000060457,0.0256506335790235
"ENSG00000162636",0.831698257571871,0.837378944904299
"ENSG00000117298",0.72028509303939,0.0226420345525177
"ENSG00000162368",0.784498886638443,0.966826098209309
"ENSG00000116922",0.636633649050288,0.58492896049034
"ENSG00000169905",0.75638984560536,0.0801998511378342
"ENSG00000116459",0.656958927978916,0.334219405637008
"ENSG00000086015",0.484762278529314,0.404567077585032
"ENSG00000107404",0.936894094509246,0.38470486427788
"ENSG00000116670",0.832489350308037,0.454204287916006
"ENSG00000173726",0.780559046545513,0.0356881739346107
"ENSG00000213625",0.733385965536696,0.101022089783579
"ENSG00000116539",0.722092303065716,0.894121232211242
"ENSG00000054523",0.98057112218464,0.115679606346179
"ENSG00000085998",0.67784300852605,0.581367365202036
"ENSG00000008128",0.278061381192159,0.00255701405699685
"ENSG00000137992",0.967967204611494,0.0324419172743868
"ENSG00000123473",0.599325314753112,0.200751706205829
"ENSG00000131788",0.0986822089185638,0.0660499173112817
"ENSG00000116668",0.876886535102824,0.0357284665098014
"ENSG00000117616",0.928777268443421,0.0652703909823868
"ENSG00000117450",0.849217188654022,0.00254086192527741
"ENSG00000155366",0.822036808849984,4.88131750785644e-05
"ENSG00000143614",0.132175327082823,0.0669177574340324
"ENSG00000162522",0.930795315422685,0.0192000592854596
"ENSG00000116209",0.464967553079706,0.00429661237505602
"ENSG00000187145",0.356588142130747,0.0478699806001171
"ENSG00000225828",0.824649483588959,0.101731973948092
"ENSG00000163468",0.530181534083072,0.0290241339124361
"ENSG00000163191",0.79960010343566,0.152971809069027
"ENSG00000143479",0.747828506269495,0.0164850418195488
"ENSG00000049239",0.887172950794617,0.0123432371197802
"ENSG00000083444",0.674186356376061,0.0264251340755529
"ENSG00000132716",0.148440097092912,0.336153463692116
"ENSG00000214193",0.53503582171716,0.604988925655035
"ENSG00000116198",0.881962938169607,0.00649587235901153
"ENSG00000134250",0.885292989179366,0.00152198785219067
"ENSG00000204084",0.821095658028902,0.734054706957542
"ENSG00000143476",0.689568813861832,0.911770430550915
"ENSG00000162729",0.603047012322705,0.87334113354696
"ENSG00000213281",0.629214676301897,0.164741392960396
"ENSG00000160055",0.657166448644625,0.0595744045439494
"ENSG00000171853",0.929380556188808,0.717234618409231
"ENSG00000152104",0.950613160734036,0.000385688873603937
"ENSG00000117318",0.983871604628482,0.0110134748531517
"ENSG00000134308",0.953585214348102,0.048716672972116
"ENSG00000160818",0.974766622412034,0.316621216518036
"ENSG00000272455",0.347017516431345,0.00894552461704487
"ENSG00000153936",0.805244716071268,0.0190309077213933
"ENSG00000188529",0.851805509085789,0.796003128663303
"ENSG00000162783",0.654792644525878,0.024442415976258
"ENSG00000117411",0.835239632669066,0.535276252406872
"ENSG00000172456",0.884184832487315,2.05615453273701e-05
"ENSG00000118454",0.719867229559783,0.00487046670775621
"ENSG00000157064",0.675687270478133,0.942397951440887
"ENSG00000171848",0.69648010257129,0.853795406885797
"ENSG00000178104",0.0119216035584701,0.0661942948704217
"ENSG00000183155",0.669918869157431,0.095257444944893
"ENSG00000258634",0.286101198627167,0.301118348383408
"ENSG00000054277",0.931630955152953,0.572009615458833
"ENSG00000173614",0.861773986727468,0.34075275685316
"ENSG00000049246",0.778301605618481,0.648805741142874
"ENSG00000197747",0.466884042570774,0.00129191589995836
"ENSG00000143499",0.814647753062176,0.452106134388723
"ENSG00000116273",0.941874176365952,0.0259140482539967
"ENSG00000143776",0.838171300915097,0.00641381494400727
"ENSG00000133056",0.450741897335118,0.0846557130186484
"ENSG00000177606",0.843386686947289,0.558123248839913
"ENSG00000115128",0.665428268440126,0.341522813930569
"ENSG00000162813",0.549942456751994,0.00294359372393026
"ENSG00000135837",0.963656613557902,0.218668340254074
"ENSG00000151779",0.411057486712118,0.42349682048197
"ENSG00000143157",0.997350221405651,0.0081837413647976
"ENSG00000065600",0.747245011495944,3.84565424138201e-05
"ENSG00000168264",0.727369759982391,0.0308975808444271
"ENSG00000153207",0.876920724110024,0.346003151842108
"ENSG00000180867",0.92693075072692,0.21008707882707
"ENSG00000058673",0.484245830139563,0.0237957042919612
"ENSG00000188290",0.851730195683433,0.006547013872682
"ENSG00000223745",0.765504329042385,0.927805555906576
"ENSG00000168275",0.947405435136332,0.150754314454589
"ENSG00000188206",0.833747785459528,0.127737898599375
"ENSG00000035687",0.943304488832437,0.000938584838742287
"ENSG00000160753",0.964572557455741,0.280889925608547
"ENSG00000132906",0.973357580220124,0.908862656049153
"ENSG00000117505",0.571985941891463,0.914701868966762
"ENSG00000160049",0.866595398143105,0.00343257562240104
"ENSG00000118197",0.646757667271062,0.0309272826927942
"ENSG00000179163",0.859077830813695,0.121404214201012
"ENSG00000143164",0.938845970048365,0.0772893695731137
"ENSG00000162889",0.502369084151635,0.291709509956243
"ENSG00000156876",0.897485126299689,0.0606972488186483
"ENSG00000173218",0.899651357767451,0.00173009576711923
"ENSG00000185946",0.0236103316651032,0.33148046777861
"ENSG00000198952",0.660712651326004,0.64700266938776
"ENSG00000118873",0.771981092477214,0.0109731266965321
"ENSG00000134248",0.94049288715266,0.0311397055961467
"ENSG00000127463",0.977396261268127,0.642254896960446
"ENSG00000248333",0.744562325862194,0.384255144058467
"ENSG00000177868",0.59224268529878,0.820375528906808
"ENSG00000143870",0.221950711998404,0.0317031066103166
"ENSG00000171865",0.877480011479268,3.53695981514895e-09
"ENSG00000198837",0.589737746019603,0.445349101188522
"ENSG00000123472",0.93955861517786,0.880803601313792
"ENSG00000068697",0.683518400657275,0.00935552426572699
"ENSG00000120942",0.487607696295302,0.419056023118105
"ENSG00000143756",0.782985916716626,0.189800417121865
"ENSG00000115761",0.568615991178978,0.16969845953246
"ENSG00000142875",0.906134100810161,0.185483729458995
"ENSG00000160685",0.527648749957523,0.985030451682276
"ENSG00000117262",0.778380697679391,0.37674344892596
"ENSG00000116885",0.0717023408456648,0.295551857636049
"ENSG00000198160",0.377642343853516,0.00384426764867951
"ENSG00000117614",0.22243230463735,0.964678721398066
"ENSG00000143013",0.352707071646038,0.985727292941878
"ENSG00000020129",0.844051243228105,0.729333937211
"ENSG00000135801",0.489276287857005,0.652281607923154
"ENSG00000131791",0.725276833423447,0.226488825894758
"ENSG00000162402",0.338694251477265,0.0879445118788
"ENSG00000169972",0.90322673843557,0.102685800769065
"ENSG00000130939",0.968916385071835,0.0291967026445656
"ENSG00000134330",0.547021538155951,0.911878746675512
"ENSG00000219481",0.0473783715599546,0.413987649509067
"ENSG00000169914",0.206522973000239,0.301552972678267
"ENSG00000134375",0.92124382261396,0.261328929744273
"ENSG00000142856",0.533510140887252,0.00723816179988956
"ENSG00000158195",0.853503037281885,0.00092844473940997
"ENSG00000116791",0.979605735728519,0.738120080878696
"ENSG00000143183",0.333103116366427,0.200606525404812
"ENSG00000137955",0.748670698846321,0.254679061537009
"ENSG00000116473",0.98821011274631,0.0042672777021839
"ENSG00000159596",0.626714530587727,0.214367978239082
"ENSG00000097033",0.734622834415164,0.530322328776141
"ENSG00000116128",0.654621231816931,0.741175298312573
"ENSG00000076321",0.70772040665351,0.674934539700115
"ENSG00000169016",0.419858847339857,0.578415335673195
"ENSG00000136643",0.786426942331682,0.00891411099420823
"ENSG00000117593",0.468908596277219,0.00590925882921285
"ENSG00000143252",0.753035761572328,0.0125301316571895
"ENSG00000116883",0.698961428583994,0.182521739904138
"ENSG00000060688",0.982205532311915,0.00424922768707434
"ENSG00000186141",0.991701167933875,0.99535099044289
"ENSG00000010803",0.329191555305965,0.470942386434042
"ENSG00000158006",0.882601781171571,0.320071628750622
"ENSG00000227671",0.495618507667779,0.00580811780353887
"ENSG00000171960",0.7146350722144,0.055170728214832
"ENSG00000153904",0.536426470147932,0.263378183401149
"ENSG00000143742",0.715335274342263,0.0190186356389408
"ENSG00000142657",0.54974148702303,0.316546663622469
"ENSG00000135766",0.981407661715549,0.511445157088037
"ENSG00000138101",0.624811795605772,6.12712671099374e-07
"ENSG00000157870",0.951082825097226,0.000885476040805506
"ENSG00000143811",0.789895875158418,0.944135416241183
"ENSG00000007341",0.861874187554308,0.607102884031629
"ENSG00000121766",0.750664771080965,0.000240450325106993
"ENSG00000116830",0.550210813720427,0.170914800557863
"ENSG00000228929",0.84759330495692,0.060956027964954
"ENSG00000116161",0.883903704152846,0.279836958407295
"ENSG00000116212",0.287135387609781,0.617658807860646
"ENSG00000177674",0.770867865969833,0.398824574372914
"ENSG00000162694",0.377546896187641,0.120372188399445
"ENSG00000041988",0.489833181346799,0.547801206350016
"ENSG00000143549",0.801237876522026,0.0560922626023149
"ENSG00000043514",0.671430052035981,0.811733052108527
"ENSG00000159479",0.281475080189375,0.506206704487152
"ENSG00000159658",0.684401559410091,0.00366460266455312
"ENSG00000143322",0.923769300019884,0.253572509608849
"ENSG00000090432",0.0159887625767582,0.508459620212439
"ENSG00000143315",0.463679297455056,0.00659452018286432
"ENSG00000176022",0.684230790379669,0.0025033468973681
"ENSG00000142634",0.539110244405124,0.335007151495347
"ENSG00000163479",0.581383926953765,0.476221819116536
"ENSG00000143727",0.0315322082430948,0.502580006901886
"ENSG00000158793",0.949297911408029,0.00107607249534343
"ENSG00000255103",0.903474504434853,0.324899078754464
"ENSG00000143515",0.838960569073155,0.00700423647893193
"ENSG00000153363",0.797421073482727,0.825795155688192
"ENSG00000156875",0.697217890273489,0.170459331449151
"ENSG00000215908",0.221254320956476,0.469069629095232
"ENSG00000035115",0.84198438957607,0.00724715005622081
"ENSG00000143106",0.877537092442135,0.193552634369854
"ENSG00000162623",0.92546969541727,0.0294158467283336
"ENSG00000116353",0.317290299323256,0.692564733398592
"ENSG00000171793",0.038302664551493,0.796725124352275
"ENSG00000067208",0.763837658836401,0.000249131338462092
"ENSG00000058804",0.660232225707038,0.415096777622976
"ENSG00000133226",0.646446553760088,0.605646211562609
"ENSG00000198625",0.655730038637111,0.148862029579112
"ENSG00000162607",0.95114427930456,0.000463172752636749
"ENSG00000159377",0.782577666018711,0.00144097264581465
"ENSG00000069248",0.843538363586325,0.865453552354605
"ENSG00000115756",0.684649888430128,0.0276485161946834
"ENSG00000153187",0.750835903399477,0.00880227301375639
"ENSG00000179403",0.538247897302892,0.827482626367509
"ENSG00000092847",0.446631500794819,0.886543970164239
"ENSG00000067704",0.694567056341313,7.51725306611335e-13
"ENSG00000162430",0.829153714201569,0.484250523908353
"ENSG00000117713",0.691292262369412,0.00119177342603477
"ENSG00000162437",0.863955033547621,0.473450243730165
"ENSG00000198830",0.470206874652537,0.789075241620153
"ENSG00000163866",0.729714310558506,0.43170494955605
"ENSG00000117533",0.0510866990451071,0.607221647288202
"ENSG00000158716",0.985984616851251,0.000472998931596305
"ENSG00000168614",0.787854387909859,0.00038568689987776
"ENSG00000175756",0.340064607107727,0.306495682854613
"ENSG00000163462",0.921571937099038,0.0306413438986919
"ENSG00000067533",0.617901680609445,0.0741271941180893
"ENSG00000117305",0.731455502261065,0.379880201066769
"ENSG00000058799",0.969115195549776,0.429699350879085
"ENSG00000143621",0.637422665104148,0.00923010085206135
"ENSG00000198746",0.987560175385005,0.458104216410812
"ENSG00000162923",0.791887686152651,0.000590317258318295
"ENSG00000159348",0.84979518994632,0.000303196472246208
"ENSG00000084072",0.647127974061677,0.737481777476173
"ENSG00000116285",0.831849123335239,3.25609500743618e-06
"ENSG00000132773",0.0879134302933032,0.000161749088554214
"ENSG00000196182",0.895315138152545,0.784631142250803
"ENSG00000137936",0.934143779593916,0.0108747560267471
"ENSG00000158828",0.637736920417397,0.480617504502733
"ENSG00000117153",0.384485029207,0.025284488812628
"ENSG00000143612",0.00874155315769363,0.563914766191517
"ENSG00000143569",0.811506707372273,0.0113863558231155
"ENSG00000187961",0.414484396145411,0.0916561451295577
"ENSG00000059588",0.00240206306530417,0.558646014528807
"ENSG00000116138",0.909863791094792,0.000290029905830453
"ENSG00000116580",0.711556981994573,0.459835529797275
"ENSG00000203832",0.824251069569019,0.95219018269791
"ENSG00000066136",0.95691286508085,0.260699757858558
"ENSG00000173960",0.706290364631559,0.587118146895433
"ENSG00000163113",0.995840978230744,0.0156918856923371
"ENSG00000183814",0.814742454146226,0.307627154669335
"ENSG00000273373",0.805811133162362,0.235020841575417
"ENSG00000233954",0.358956266480356,0.0176426577544364
"ENSG00000157916",0.64358536021877,0.43353234387263
"ENSG00000116497",0.0107971250963225,0.622823685656462
"ENSG00000126070",0.665068611967576,2.86137821196391e-05
"ENSG00000130508",0.858382233318514,0.00338278822428303
"ENSG00000198841",0.580339453616279,0.284385340682022
"ENSG00000163125",0.6156192948183,0.00517860792521538
"ENSG00000162642",0.990609592581769,0.46787219086875
"ENSG00000197956",0.759314158703813,0.000126668543027814
"ENSG00000117155",0.998652582302835,0.00028465940532321
"ENSG00000197323",0.958170947357278,0.246396053344145
"ENSG00000188807",0.629855355198125,0.0338713893554006
"ENSG00000169231",0.341929154168535,5.09864625623811e-05
"ENSG00000162408",0.836078617079071,0.571042806762766
"ENSG00000143774",0.472031713289746,0.237681981213348
"ENSG00000125459",0.766471894101927,0.000289021889830257
"ENSG00000143457",0.877789354124716,0.281618492887994
"ENSG00000143624",0.607560052413206,0.242770817652563
"ENSG00000077549",0.534675308358271,0.0117291182238452
"ENSG00000121903",0.708768137495822,0.575272745768118
"ENSG00000116675",0.426813165766933,0.396089310621417
"ENSG00000175137",0.622281517371691,0.0610647400834427
"ENSG00000117399",0.478525561647104,0.100433072396329
"ENSG00000174151",0.789148664923229,0.00778280597140808
"ENSG00000163156",0.131594714358457,0.724770962347409
"ENSG00000162688",0.739700137271238,0.0241961993040018
"ENSG00000163348",0.710406614457095,0.935027269641617
"ENSG00000133065",0.840263402755678,1.28015313399662e-05
"ENSG00000120333",0.830348141744339,0.000231811684530851
"ENSG00000014914",0.937693102861239,0.0353071705202464
"ENSG00000143303",0.556782877487418,0.805277547477694
"ENSG00000116171",0.282240086718358,0.570610747198726
"ENSG00000196449",0.260882229583553,0.942114485388343
"ENSG00000243452",0.208742123248331,0.122067985361528
"ENSG00000162735",0.881149266381174,0.100771266108685
"ENSG00000182749",0.821783878200325,0.000117281215633546
"ENSG00000116754",0.741874209576775,0.0525847242637845
"ENSG00000184007",0.844393792237788,0.0123698244197461
"ENSG00000143493",0.879167264256526,0.30794791509787
"ENSG00000116151",0.744291617980714,0.0674268951911526
"ENSG00000163155",0.899542983192444,0.0343666608703847
"ENSG00000117054",0.960228104669373,0.196907561714796
"ENSG00000078808",0.669064458060812,0.127803666293542
"ENSG00000159352",0.988285193690006,0.403850968569598
"ENSG00000163346",0.658567119138374,0.491534378239693
"ENSG00000177954",0.569842099366822,0.000457481022043916
"ENSG00000117174",0.990983928710567,0.861893934100294
"ENSG00000134222",0.363011677144431,0.577434290128198
"ENSG00000116213",0.632523249850649,0.000393945337866742
"ENSG00000142937",0.896212410617625,0.45244069857696
"ENSG00000134748",0.443982027403987,0.705538489947705
"ENSG00000117691",0.484643697916959,0.146718037020719
"ENSG00000143337",0.505261527176367,0.776682641275808
"ENSG00000143258",0.943659924280902,0.021982208913182
"ENSG00000135823",0.578361332466651,0.0115450365931531
"ENSG00000198890",0.952309043886413,0.021717083194697
"ENSG00000143543",0.893197210207049,0.0136552485783662
"ENSG00000162591",0.576406220711857,0.0252149063641586
"ENSG00000152078",0.844353148080328,0.165544222883503
"ENSG00000162441",0.775283868389679,0.976957640656489
"ENSG00000134684",0.7726976514552,0.245324899040463
"ENSG00000142945",0.594131643227832,0.0103600963907236
"ENSG00000143228",0.952826136377847,0.170708932131668
"ENSG00000159423",0.436274871139735,0.0547542865272915
"ENSG00000134255",0.147739609117672,0.923664430409408
"ENSG00000171161",0.704617836151636,0.0207391432406837
"ENSG00000055917",0.585320515511428,0.451946412592523
"ENSG00000143442",0.726396429333143,9.09914215358219e-05
"ENSG00000153029",0.644270498043656,0.130197236588903
"ENSG00000197965",0.966783650331907,0.399308004700363
"ENSG00000143222",0.529660093956957,0.0147595984618711
"ENSG00000116809",0.73024096940336,0.0210540586136069
"ENSG00000058668",0.713287830799162,0.533160327459731
"ENSG00000117862",0.665896586689488,0.000514507576762493
"ENSG00000189171",0.956718702007929,0.982503977716381
"ENSG00000143554",0.886728224689408,5.71201595275767e-07
"ENSG00000158109",0.594917564534154,0.513004401055268
"ENSG00000203705",0.999508313562072,0.0507629512313751
"ENSG00000054267",0.613364353998282,0.0166832377198165
"ENSG00000151414",0.383438781979465,0.000458530920815226
"ENSG00000185842",0.822867765151916,1.79625757466706e-05
"ENSG00000142864",0.000238340385305622,0.928835562754141
"ENSG00000143771",0.662676931002644,0.238365300485007
"ENSG00000032389",0.894994871075608,0.00174586801914604
"ENSG00000162769",0.825562678356031,0.185118296331114
"ENSG00000157181",0.774997246795931,0.00040205516102225
"ENSG00000163875",0.544044714256427,0.89157619174202
"ENSG00000143093",0.7401110393893,0.864148740154841
"ENSG00000162909",0.748869947036649,0.301367234120372
"ENSG00000115884",0.506853293301954,0.566526809463693
"ENSG00000092621",0.548458197407843,0.0287946214186341
"ENSG00000084636",0.744741295418333,0.00529434664690609
"ENSG00000143126",0.836013979443466,5.68638728986298e-06
"ENSG00000116221",0.297914677540412,0.105984683554944
"ENSG00000185090",0.501649132766268,0.00127344828512569
"ENSG00000130695",0.644901174124412,0.0189304534103944
"ENSG00000116604",0.924999652651166,0.0368476037405899
"ENSG00000115137",0.990092321608597,0.298298368941803
"ENSG00000142733",0.770477855015013,0.000331664744696024
"ENSG00000065978",0.617156718171007,0.000494052943023667
"ENSG00000084070",0.813129987764433,6.69277642146695e-06
"ENSG00000162434",0.406344101861243,0.195584155656527
"ENSG00000176393",0.765691923375572,0.0101864434013949
"ENSG00000130766",0.904618432036601,0.00128666106311575
"ENSG00000215717",0.663341329687595,0.0442751140703329
"ENSG00000040487",0.985441900620876,1.54627288543688e-05
"ENSG00000121851",0.85276924312099,0.00355239816263389
"ENSG00000127483",0.862004226313056,0.310790838083153
"ENSG00000132780",0.633935715024319,0.00331705351469005
"ENSG00000174371",0.313051219788341,0.0911350593581289
"ENSG00000116350",0.942100845872881,0.702554365965356
"ENSG00000163382",0.448847191496475,0.70809699223137
"ENSG00000171824",0.243026949489665,0.303655839014385
"ENSG00000197429",0.856967240268642,0.5501658181726
"ENSG00000116560",0.404892153896142,0.00166854768979447
"ENSG00000172059",0.868531392033505,0.0684328075122332
"ENSG00000142751",0.995791880163905,0.00901637830647405
"ENSG00000116857",0.630682226997879,0.221222968391775
"ENSG00000000457",0.604657454559179,0.506060641211406
"ENSG00000143374",0.122322392833751,0.219774720358452
"ENSG00000158615",0.000236490082794146,0.893729781275618
"ENSG00000117640",0.65700874627082,0.202209848292505
"ENSG00000131238",0.311427156809175,0.766890438435451
"ENSG00000234741",0.830514520682437,0.00643996519126408
"ENSG00000077152",0.763049730432611,0.762900553316649
"ENSG00000172339",0.919020066035581,0.479325932498966
"ENSG00000070785",0.85983679198485,0.000791091213924592
"ENSG00000183431",0.892453947038748,0.0299738208860513
"ENSG00000234171",0.744576203698341,0.0185474345664979
"ENSG00000049245",0.977859291764721,0.868170022550074
"ENSG00000135829",0.869502833537146,0.93321158635516
"ENSG00000131584",0.238407062246456,0.0535848330347911
"ENSG00000116521",0.200477212957883,0.00171803918681548
"ENSG00000198162",0.720851484535233,0.0845847374110768
"ENSG00000081870",0.528173271243506,0.495682488331004
"ENSG00000224870",0.957503579025287,0.231254405457672
"ENSG00000172380",0.932991878270457,0.00492202546441939
"ENSG00000079785",0.963518521449281,6.52103706891889e-05
"ENSG00000162585",0.289091419471851,0.574125792435022
"ENSG00000143379",0.936325665227192,0.000281320641811627
"ENSG00000213240",0.863135973176018,0.209478350460437
"ENSG00000143369",0.876657779384891,0.000673764213719773
"ENSG00000162378",0.794084139382599,0.000628407921884895
"ENSG00000127125",0.980170885493479,8.21465256177548e-06
"ENSG00000137944",0.853881903862103,6.47802158051111e-05
"ENSG00000143420",0.839491618559656,0.00509460778586318
"ENSG00000157191",0.128673273668511,0.669057185940914
"ENSG00000132768",0.866357122867198,0.0106192333656595
"ENSG00000162664",0.635094994631437,0.0940081861882492
"ENSG00000117280",0.893529581444788,0.216935782374055
"ENSG00000142627",0.986990351857499,2.77418010964644e-06
"ENSG00000143436",0.827916838262153,5.64962868283995e-05
